{
  "train_accuracy": 0.8841567291311755,
  "val_accuracy": 0.8707482993197279,
  "accuracy_test": 0.875,
  "precision_test": 0.8558558558558559,
  "recall_test": 0.9313725490196079,
  "f1_test": 0.892018779342723,
  "roc_auc_test": 0.9075801052128168,
  "roc_auc_plot": 0.9075801052128168
}