{
  "f1_valid": 0.8928571428571429,
  "precision_valid": 0.8620689655172413,
  "recall_valid": 0.9259259259259259,
  "val_accuracy": 0.8775510204081632,
  "roc_auc_valid": 0.9191919191919191
}