{
  "train_accuracy": 0.889267461669506,
  "val_accuracy": 0.8775510204081632,
  "accuracy_test": 0.875,
  "precision_test": 0.8495575221238938,
  "recall_test": 0.9411764705882353,
  "f1_test": 0.8930232558139535,
  "roc_auc_test": 0.9189383070301291,
  "roc_auc_plot": 0.9189383070301291
}