{
  "f1_valid": 0.8888888888888888,
  "precision_valid": 0.8444444444444444,
  "recall_valid": 0.9382716049382716,
  "val_accuracy": 0.8707482993197279,
  "roc_auc_valid": 0.9113355780022446
}